scheme,source_type,url,used_for
HDFC Large Cap Fund,official scheme page,https://www.hdfcfund.com/explore/mutual-funds/hdfc-large-cap-fund/direct,TER/min SIP/exit load/riskometer/benchmark
HDFC Large Cap Fund,official scheme page,https://www.hdfcfund.com/explore/mutual-funds/hdfc-large-cap-fund/regular,benchmark/min SIP/exit load
HDFC Flexi Cap Fund,official scheme page,https://www.hdfcfund.com/explore/mutual-funds/hdfc-flexi-cap-fund/direct,TER/min SIP/exit load/riskometer/benchmark
HDFC Flexi Cap Fund,official scheme page,https://www.hdfcfund.com/explore/mutual-funds/hdfc-flexi-cap-fund/regular,benchmark/exit load
HDFC ELSS Tax Saver Fund,official scheme page,https://www.hdfcfund.com/explore/mutual-funds/hdfc-elss-tax-saver-fund/direct,lock-in/TER/min SIP/exit load/riskometer/benchmark
HDFC ELSS Tax Saver Fund,official scheme page,https://www.hdfcfund.com/explore/mutual-funds/hdfc-elss-tax-saver-fund/regular,lock-in/minimum/benchmark
HDFC Small Cap Fund,official scheme page,https://www.hdfcfund.com/explore/mutual-funds/hdfc-small-cap-fund/direct,min SIP/exit load/riskometer/benchmark
HDFC Small Cap Fund,official scheme page,https://www.hdfcfund.com/explore/mutual-funds/hdfc-small-cap-fund/regular,minimum/TER/exit load/benchmark
HDFC Balanced Advantage Fund,official scheme page,https://www.hdfcfund.com/explore/mutual-funds/hdfc-balanced-advantage-fund/direct,min SIP/exit load/riskometer/benchmark
HDFC Balanced Advantage Fund,official scheme page,https://www.hdfcfund.com/explore/mutual-funds/hdfc-balanced-advantage-fund/regular,minimum/exit load/benchmark
HDFC Mutual Fund,official KIM index,https://www.hdfcfund.com/mutual-funds/fund-documents/kim,official KIM documents
HDFC Mutual Fund,official SID index,https://www.hdfcfund.com/mutual-funds/fund-documents/sid,official SID documents
HDFC Mutual Fund,official scheme summary,https://www.hdfcfund.com/mutual-funds/fund-documents/scheme-summary,scheme objectives
HDFC Mutual Fund,official factsheets,https://www.hdfcfund.com/mutual-funds/factsheets,monthly factsheets
HDFC Mutual Fund,official investor FAQ,https://www.hdfcfund.com/services/faqs/subscription-related-faqs,official transaction/support information
HDFC Mutual Fund,official NAV and IDCW page,https://www.hdfcfund.com/nav-and-idcw,NAV publication reference
